Brand,Model,BodyType
Abarth,595,Hatchback
Abarth,695,Hatchback
Alfa,Romeo,Hatchback
Alfa,Romeo,SUV
Alfa,Romeo,Sedan
Alfa,Romeo,Wagon
Aston,Martin,Convertible
Aston,Martin,Coupe
Audi,A1,Hatchback
Audi,A3,Convertible
Audi,A3,Hatchback
Audi,A3,Other
Audi,A3,Sedan
Audi,A4,Sedan
Audi,A4,Wagon
Audi,A4,nan
Audi,A5,Convertible
Audi,A5,Coupe
Audi,A5,Hatchback
Audi,A5,Other
Audi,A6,Sedan
Audi,A7,Hatchback
Audi,E-Tron,SUV
Audi,Q2,SUV
Audi,Q2,Wagon
Audi,Q3,SUV
Audi,Q3,Wagon
Audi,Q5,SUV
Audi,Q5,Wagon
Audi,Q7,SUV
Audi,Q7,Wagon
Audi,Q8,SUV
Audi,R8,Coupe
Audi,RS,Hatchback
Audi,RS,Other
Audi,RS,SUV
Audi,RS,Sedan
Audi,RS3,Hatchback
Audi,RS3,Sedan
Audi,RS4,Wagon
Audi,RS5,Hatchback
Audi,RS6,Wagon
Audi,S3,Hatchback
Audi,S3,Other
Audi,S3,Sedan
Audi,S4,Convertible
Audi,S4,Sedan
Audi,S5,Coupe
Audi,S5,Hatchback
Audi,SQ2,SUV
Audi,SQ5,SUV
Audi,SQ7,SUV
Audi,SQ8,SUV
Audi,TT,Convertible
Audi,TT,Coupe
BMW,1,Hatchback
BMW,116I,Hatchback
BMW,118D,Convertible
BMW,118D,Hatchback
BMW,118I,Hatchback
BMW,120D,Hatchback
BMW,120I,Hatchback
BMW,125I,Coupe
BMW,125I,Hatchback
BMW,128TI,Hatchback
BMW,135I,Coupe
BMW,2,Coupe
BMW,218D,Hatchback
BMW,218I,Hatchback
BMW,218I,Sedan
BMW,220D,Coupe
BMW,220I,Convertible
BMW,220I,Coupe
BMW,220I,Hatchback
BMW,220I,Sedan
BMW,225I,Hatchback
BMW,228I,Coupe
BMW,230I,Coupe
BMW,3,Coupe
BMW,3,Hatchback
BMW,3,Wagon
BMW,3,nan
BMW,316I,Sedan
BMW,320D,Coupe
BMW,320D,Sedan
BMW,320D,Wagon
BMW,320I,Sedan
BMW,320I,Wagon
BMW,323I,Coupe
BMW,323I,Sedan
BMW,325I,Coupe
BMW,328I,Hatchback
BMW,328I,Sedan
BMW,330D,Sedan
BMW,330I,Sedan
BMW,330I,Wagon
BMW,335I,Coupe
BMW,340I,Sedan
BMW,4,Coupe
BMW,4,Hatchback
BMW,420D,Coupe
BMW,420I,Coupe
BMW,420I,Hatchback
BMW,428I,Convertible
BMW,428I,Coupe
BMW,430I,Coupe
BMW,430I,Hatchback
BMW,435I,Coupe
BMW,435I,Hatchback
BMW,5,Sedan
BMW,5,nan
BMW,520D,Sedan
BMW,520D,Wagon
BMW,530D,Sedan
BMW,530I,Sedan
BMW,6,Convertible
BMW,7,nan
BMW,730D,Sedan
BMW,740I,Sedan
BMW,I3,Hatchback
BMW,I4,Sedan
BMW,I8,Coupe
BMW,IX,SUV
BMW,IX,Wagon
BMW,M135I,Hatchback
BMW,M140I,Hatchback
BMW,M2,Coupe
BMW,M235I,Coupe
BMW,M235I,Sedan
BMW,M240I,Coupe
BMW,M3,Convertible
BMW,M3,Coupe
BMW,M3,Sedan
BMW,M3,nan
BMW,M340I,Sedan
BMW,M4,Convertible
BMW,M4,Coupe
BMW,M440I,Coupe
BMW,M5,Sedan
BMW,M6,Convertible
BMW,M8,Coupe
BMW,X1,SUV
BMW,X1,Wagon
BMW,X2,SUV
BMW,X3,SUV
BMW,X3,Wagon
BMW,X4,SUV
BMW,X4,Wagon
BMW,X5,SUV
BMW,X5,Wagon
BMW,X5,nan
BMW,X6,SUV
BMW,X6,Wagon
BMW,X7,SUV
BMW,X7,Wagon
BMW,Z4,Convertible
BYD,Atto,SUV
Bentley,Arnage,Sedan
Bentley,Continental,Coupe
Bentley,Continental,Sedan
Chery,J11,SUV
Chery,J3,Hatchback
Chery,Omoda5,SUV
Chevrolet,Silverado,Ute / Tray
Chrysler,300,Sedan
Chrysler,300,nan
Chrysler,300C,Sedan
Chrysler,Grand,Wagon
Chrysler,PT,Wagon
Chrysler,Sebring,Sedan
Chrysler,Sebring,nan
Citroen,Berlingo,Commercial
Citroen,C3,Hatchback
Citroen,C4,SUV
Citroen,C5,SUV
Citroen,C5,Sedan
Citroen,DS3,Hatchback
Citroen,DS4,Wagon
Citroen,Grand,Wagon
Cupra,Ateca,SUV
Cupra,Born,Hatchback
Cupra,Formentor,SUV
Cupra,Leon,Hatchback
Daihatsu,Hijet,Commercial
Daihatsu,Hijet,Ute / Tray
Daihatsu,Hijet,nan
Dodge,Journey,SUV
Dodge,Journey,Wagon
Dodge,Nitro,SUV
Dodge,Nitro,Wagon
Dodge,Viper,Coupe
FPV,F6,Sedan
FPV,GS,nan
FPV,GT,Sedan
FPV,Pursuit,Ute / Tray
Fiat,500,Convertible
Fiat,500,Hatchback
Fiat,500X,SUV
Fiat,Doblo,Commercial
Fiat,Ducato,Commercial
Fiat,Ducato,Ute / Tray
Fiat,Freemont,SUV
Fiat,Freemont,Wagon
Fiat,Panda,Hatchback
Fiat,Punto,Hatchback
Fiat,Scudo,Commercial
Ford,Courier,Ute / Tray
Ford,Ecosport,SUV
Ford,Endura,SUV
Ford,Escape,SUV
Ford,Everest,SUV
Ford,F,Ute / Tray
Ford,F250,Ute / Tray
Ford,F450,Ute / Tray
Ford,FPV,nan
Ford,Falcon,Sedan
Ford,Falcon,Ute / Tray
Ford,Falcon,Wagon
Ford,Falcon,nan
Ford,Fiesta,Hatchback
Ford,Fiesta,Sedan
Ford,Focus,Convertible
Ford,Focus,Hatchback
Ford,Focus,Sedan
Ford,Focus,nan
Ford,GT40,Coupe
Ford,Kuga,SUV
Ford,Kuga,Wagon
Ford,Mondeo,Hatchback
Ford,Mondeo,Sedan
Ford,Mondeo,Wagon
Ford,Mustang,Convertible
Ford,Mustang,Coupe
Ford,Mustang,Hatchback
Ford,Mustang,nan
Ford,Puma,SUV
Ford,Ranger,Ute / Tray
Ford,Territory,SUV
Ford,Territory,Wagon
Ford,Territory,nan
Ford,Transit,Commercial
Ford,Transit,Ute / Tray
Foton,Tunland,Ute / Tray
GWM,Haval,SUV
GWM,Haval,Wagon
GWM,ORA,Hatchback
GWM,Steed,Ute / Tray
GWM,Tank,SUV
GWM,UTE,Ute / Tray
GWM,Ute,Ute / Tray
GWM,V240,Ute / Tray
Geely,MK,nan
Genesis,G70,Sedan
Genesis,G80,Sedan
Genesis,GV70,SUV
Genesis,GV80,SUV
Great,Wall,SUV
Great,Wall,Ute / Tray
HSV,Clubsport,Sedan
HSV,Clubsport,Wagon
HSV,Colorado,Ute / Tray
HSV,Coupe,Coupe
HSV,GTS,Sedan
HSV,Grange,Sedan
HSV,Gtsr,Sedan
HSV,Gtsr,Ute / Tray
HSV,Maloo,Ute / Tray
HSV,Senator,Sedan
Haval,H2,SUV
Haval,H6,SUV
Haval,H8,SUV
Haval,H9,SUV
Haval,Jolion,SUV
Haval,Jolion,Wagon
Holden,Acadia,SUV
Holden,Adventra,SUV
Holden,Astra,Convertible
Holden,Astra,Hatchback
Holden,Astra,Sedan
Holden,Astra,Wagon
Holden,Astra,nan
Holden,Barina,Hatchback
Holden,Barina,Sedan
Holden,Berlina,nan
Holden,Calais,Hatchback
Holden,Calais,Sedan
Holden,Calais,Wagon
Holden,Calais,nan
Holden,Caprice,Sedan
Holden,Captiva,SUV
Holden,Captiva,Wagon
Holden,Cascada,Convertible
Holden,Cascada,nan
Holden,Colorado,SUV
Holden,Colorado,Ute / Tray
Holden,Colorado,Wagon
Holden,Combo,Commercial
Holden,Commodore,Hatchback
Holden,Commodore,Sedan
Holden,Commodore,Ute / Tray
Holden,Commodore,Wagon
Holden,Commodore,nan
Holden,Crewman,Ute / Tray
Holden,Cruze,Hatchback
Holden,Cruze,Sedan
Holden,Cruze,Wagon
Holden,Cruze,nan
Holden,Epica,Sedan
Holden,Equinox,SUV
Holden,Malibu,Sedan
Holden,Monaro,Coupe
Holden,Rodeo,Ute / Tray
Holden,Spark,Hatchback
Holden,Statesman,Sedan
Holden,Trailblazer,SUV
Holden,Trailblazer,Wagon
Holden,Trax,SUV
Holden,Trax,Wagon
Holden,UTE,Ute / Tray
Holden,Viva,Sedan
Honda,Accord,Sedan
Honda,Accord,nan
Honda,CR-V,SUV
Honda,CR-V,Wagon
Honda,CR-Z,Coupe
Honda,City,Sedan
Honda,City,nan
Honda,Civic,Hatchback
Honda,Civic,Sedan
Honda,Fit,Hatchback
Honda,Fit,Wagon
Honda,Fit,nan
Honda,HR-V,Hatchback
Honda,HR-V,SUV
Honda,Jazz,Hatchback
Honda,Odyssey,Wagon
Honda,Other,Hatchback
Honda,Vezel,Hatchback
Honda,Vezel,Wagon
Honda,Vezel,nan
Hyundai,Accent,Hatchback
Hyundai,Accent,Sedan
Hyundai,Elantra,Hatchback
Hyundai,Elantra,Sedan
Hyundai,Elantra,nan
Hyundai,Genesis,Sedan
Hyundai,Getz,Hatchback
Hyundai,Getz,nan
Hyundai,I20,Hatchback
Hyundai,I30,Hatchback
Hyundai,I30,Sedan
Hyundai,I30,Wagon
Hyundai,I30,nan
Hyundai,I40,Sedan
Hyundai,I40,Wagon
Hyundai,I45,Sedan
Hyundai,I45,nan
Hyundai,IX35,SUV
Hyundai,IX35,Wagon
Hyundai,Iload,Commercial
Hyundai,Imax,Wagon
Hyundai,Ioniq,Hatchback
Hyundai,Ioniq,SUV
Hyundai,Kona,Hatchback
Hyundai,Kona,SUV
Hyundai,Kona,Wagon
Hyundai,Palisade,SUV
Hyundai,Palisade,Wagon
Hyundai,Santa,SUV
Hyundai,Santa,Wagon
Hyundai,Sonata,Sedan
Hyundai,Sonata,nan
Hyundai,Staria,Wagon
Hyundai,Terracan,SUV
Hyundai,Tucson,SUV
Hyundai,Tucson,Wagon
Hyundai,Veloster,Coupe
Hyundai,Veloster,Hatchback
Hyundai,Venue,SUV
Infiniti,Q50,Sedan
Infiniti,Q60,Coupe
Isuzu,D-MAX,Ute / Tray
Isuzu,D-MAX,nan
Isuzu,MU-X,SUV
Isuzu,MU-X,Wagon
Iveco,Daily,Commercial
Jaguar,E-Pace,SUV
Jaguar,F-Pace,SUV
Jaguar,F-Pace,Wagon
Jaguar,F-Type,Coupe
Jaguar,I-Pace,SUV
Jaguar,X,Sedan
Jaguar,XE,Sedan
Jaguar,XF,Sedan
Jaguar,XJ,nan
Jaguar,XKR,Coupe
Jeep,Cherokee,SUV
Jeep,Cherokee,Wagon
Jeep,Compass,SUV
Jeep,Gladiator,SUV
Jeep,Gladiator,Ute / Tray
Jeep,Grand,SUV
Jeep,Grand,Wagon
Jeep,Grand,nan
Jeep,Patriot,SUV
Jeep,Patriot,Wagon
Jeep,Renegade,SUV
Jeep,Wrangler,Convertible
Jeep,Wrangler,SUV
Jeep,Wrangler,Wagon
Kia,Carnival,Commercial
Kia,Carnival,Wagon
Kia,Cerato,Coupe
Kia,Cerato,Hatchback
Kia,Cerato,Sedan
Kia,Cerato,nan
Kia,EV6,SUV
Kia,Grand,Wagon
Kia,Niro,SUV
Kia,Optima,Sedan
Kia,Picanto,Hatchback
Kia,RIO,Hatchback
Kia,RIO,Sedan
Kia,Rondo,Wagon
Kia,Seltos,SUV
Kia,Sorento,SUV
Kia,Soul,Hatchback
Kia,Spectra,Hatchback
Kia,Sportage,SUV
Kia,Sportage,Wagon
Kia,Stinger,Coupe
Kia,Stinger,Sedan
Kia,Stinger,nan
Kia,Stonic,SUV
LDV,D90,SUV
LDV,D90,Wagon
LDV,D90,nan
LDV,Deliver,Commercial
LDV,Deliver,Ute / Tray
LDV,G10,Commercial
LDV,G10,Wagon
LDV,G10+,Commercial
LDV,Mifa,Wagon
LDV,T60,Ute / Tray
LDV,T60,nan
LDV,V80,Commercial
Land,Rover,Hatchback
Land,Rover,SUV
Land,Rover,Wagon
Land,Rover,nan
Lexus,CT,Hatchback
Lexus,CT200H,Hatchback
Lexus,ES250,Sedan
Lexus,ES300H,Sedan
Lexus,ES350,Sedan
Lexus,GS250,Sedan
Lexus,GS350,Sedan
Lexus,GS450H,Sedan
Lexus,HS,nan
Lexus,IS200T,Sedan
Lexus,IS250,Sedan
Lexus,IS250C,Convertible
Lexus,IS300,Sedan
Lexus,IS300H,Sedan
Lexus,IS350,Sedan
Lexus,LC500,Coupe
Lexus,LS460,Sedan
Lexus,LX450D,SUV
Lexus,LX500D,SUV
Lexus,LX570,SUV
Lexus,LX600,SUV
Lexus,NX,Wagon
Lexus,NX200T,SUV
Lexus,NX250,SUV
Lexus,NX300,SUV
Lexus,NX300H,SUV
Lexus,NX350,SUV
Lexus,NX350H,SUV
Lexus,Other,Hatchback
Lexus,RC,Coupe
Lexus,RC200T,Coupe
Lexus,RC350,Coupe
Lexus,RX,SUV
Lexus,RX,Wagon
Lexus,RX270,SUV
Lexus,RX300,SUV
Lexus,RX330,SUV
Lexus,RX350,SUV
Lexus,RX350L,SUV
Lexus,RX450H,SUV
Lexus,RX450HL,SUV
Lexus,RX500H,SUV
Lexus,SC430,Convertible
Lexus,UX,Wagon
Lexus,UX200,SUV
MG,3,Hatchback
MG,6,Hatchback
MG,HS,SUV
MG,MG3,Hatchback
MG,MG6,Hatchback
MG,ZS,SUV
MG,ZS,Wagon
MG,ZST,SUV
Mahindra,PIK-UP,Ute / Tray
Mahindra,Scorpio-N,SUV
Mahindra,XUV500,SUV
Mahindra,XUV700,SUV
Maserati,Ghibli,Sedan
Maserati,Ghibli,nan
Maserati,Grancabrio,Convertible
Maserati,Granturismo,Coupe
Maserati,Levante,SUV
Maserati,Quattroporte,Sedan
Mazda,2,Hatchback
Mazda,2,Sedan
Mazda,3,Hatchback
Mazda,3,Sedan
Mazda,3,nan
Mazda,323,Hatchback
Mazda,6,Hatchback
Mazda,6,Sedan
Mazda,6,Wagon
Mazda,6,nan
Mazda,Axela,nan
Mazda,BT-50,Ute / Tray
Mazda,CX-3,SUV
Mazda,CX-3,Wagon
Mazda,CX-30,SUV
Mazda,CX-30,Wagon
Mazda,CX-5,SUV
Mazda,CX-5,Wagon
Mazda,CX-5,nan
Mazda,CX-7,SUV
Mazda,CX-7,Wagon
Mazda,CX-8,SUV
Mazda,CX-8,Wagon
Mazda,CX-9,SUV
Mazda,CX-9,Wagon
Mazda,CX30,Wagon
Mazda,MPV,Wagon
Mazda,MX-30,SUV
Mazda,MX-5,Convertible
Mazda,MX-5,nan
Mazda,RX-8,Coupe
Mazda,Tribute,SUV
Mercedes-Benz,A-CLASS,Hatchback
Mercedes-Benz,A-CLASS,nan
Mercedes-Benz,A170,Hatchback
Mercedes-Benz,A180,Hatchback
Mercedes-Benz,A180,Sedan
Mercedes-Benz,A190,Hatchback
Mercedes-Benz,A200,Hatchback
Mercedes-Benz,A200,Sedan
Mercedes-Benz,A250,Hatchback
Mercedes-Benz,A35,Hatchback
Mercedes-Benz,A45,Hatchback
Mercedes-Benz,B-Class,Hatchback
Mercedes-Benz,B180,Hatchback
Mercedes-Benz,B200,Hatchback
Mercedes-Benz,B250,Hatchback
Mercedes-Benz,C-CLASS,Coupe
Mercedes-Benz,C-CLASS,Wagon
Mercedes-Benz,C-CLASS,nan
Mercedes-Benz,C180,Coupe
Mercedes-Benz,C200,Convertible
Mercedes-Benz,C200,Coupe
Mercedes-Benz,C200,Sedan
Mercedes-Benz,C200,Wagon
Mercedes-Benz,C200,nan
Mercedes-Benz,C220,Sedan
Mercedes-Benz,C220,Wagon
Mercedes-Benz,C230,Sedan
Mercedes-Benz,C250,Coupe
Mercedes-Benz,C250,Sedan
Mercedes-Benz,C250,Wagon
Mercedes-Benz,C300,Convertible
Mercedes-Benz,C300,Coupe
Mercedes-Benz,C300,Sedan
Mercedes-Benz,C300,Wagon
Mercedes-Benz,C320,nan
Mercedes-Benz,C350,Sedan
Mercedes-Benz,C43,Coupe
Mercedes-Benz,C43,Sedan
Mercedes-Benz,C43,Wagon
Mercedes-Benz,C63,Coupe
Mercedes-Benz,C63,Sedan
Mercedes-Benz,C63,Wagon
Mercedes-Benz,C63,nan
Mercedes-Benz,CLA,Sedan
Mercedes-Benz,CLA200,Sedan
Mercedes-Benz,CLA200,Wagon
Mercedes-Benz,CLA250,Sedan
Mercedes-Benz,CLA250,Wagon
Mercedes-Benz,CLA35,Sedan
Mercedes-Benz,CLA45,Sedan
Mercedes-Benz,CLA45,Wagon
Mercedes-Benz,CLC200,Coupe
Mercedes-Benz,CLK-Class,Coupe
Mercedes-Benz,CLK280,Convertible
Mercedes-Benz,CLK320,Convertible
Mercedes-Benz,CLK320,Coupe
Mercedes-Benz,CLK500,Coupe
Mercedes-Benz,CLK63,Coupe
Mercedes-Benz,CLS250,Sedan
Mercedes-Benz,CLS350,Sedan
Mercedes-Benz,CLS500,Sedan
Mercedes-Benz,CLS53,Sedan
Mercedes-Benz,E-CLASS,Coupe
Mercedes-Benz,E-CLASS,nan
Mercedes-Benz,E200,Coupe
Mercedes-Benz,E200,Sedan
Mercedes-Benz,E220,Sedan
Mercedes-Benz,E250,Convertible
Mercedes-Benz,E250,Coupe
Mercedes-Benz,E250,Sedan
Mercedes-Benz,E300,Convertible
Mercedes-Benz,E300,Coupe
Mercedes-Benz,E300,Sedan
Mercedes-Benz,E350,Coupe
Mercedes-Benz,E350,Sedan
Mercedes-Benz,E400,Convertible
Mercedes-Benz,E400,Coupe
Mercedes-Benz,E400,Sedan
Mercedes-Benz,E500,Coupe
Mercedes-Benz,E500,Sedan
Mercedes-Benz,E53,Sedan
Mercedes-Benz,E55,Sedan
Mercedes-Benz,EQA,SUV
Mercedes-Benz,EQB,SUV
Mercedes-Benz,EQC,SUV
Mercedes-Benz,G350,SUV
Mercedes-Benz,GL-Class,Wagon
Mercedes-Benz,GL500,SUV
Mercedes-Benz,GL63,SUV
Mercedes-Benz,GLA,SUV
Mercedes-Benz,GLA180,SUV
Mercedes-Benz,GLA200,SUV
Mercedes-Benz,GLA220,SUV
Mercedes-Benz,GLA250,SUV
Mercedes-Benz,GLA35,SUV
Mercedes-Benz,GLA45,SUV
Mercedes-Benz,GLB,SUV
Mercedes-Benz,GLB,Wagon
Mercedes-Benz,GLC,SUV
Mercedes-Benz,GLC200,SUV
Mercedes-Benz,GLC220,SUV
Mercedes-Benz,GLC250,SUV
Mercedes-Benz,GLC300,SUV
Mercedes-Benz,GLC350,SUV
Mercedes-Benz,GLC43,SUV
Mercedes-Benz,GLC63,SUV
Mercedes-Benz,GLE,SUV
Mercedes-Benz,GLE250,SUV
Mercedes-Benz,GLE300,SUV
Mercedes-Benz,GLE350,SUV
Mercedes-Benz,GLE400,SUV
Mercedes-Benz,GLE43,SUV
Mercedes-Benz,GLE450,SUV
Mercedes-Benz,GLE63,SUV
Mercedes-Benz,GLS,SUV
Mercedes-Benz,GLS350,SUV
Mercedes-Benz,GLS500,SUV
Mercedes-Benz,Glb,Coupe
Mercedes-Benz,M-Class,Wagon
Mercedes-Benz,MB100,Commercial
Mercedes-Benz,ML250,SUV
Mercedes-Benz,ML300,SUV
Mercedes-Benz,ML350,SUV
Mercedes-Benz,ML400,SUV
Mercedes-Benz,ML500,SUV
Mercedes-Benz,ML63,SUV
Mercedes-Benz,Marco,Wagon
Mercedes-Benz,R300,SUV
Mercedes-Benz,R320,SUV
Mercedes-Benz,S-Class,Convertible
Mercedes-Benz,S-Class,nan
Mercedes-Benz,S350,Sedan
Mercedes-Benz,S450,Sedan
Mercedes-Benz,S63,Coupe
Mercedes-Benz,S65,Sedan
Mercedes-Benz,SL350,Convertible
Mercedes-Benz,SL500,Convertible
Mercedes-Benz,SL55,Convertible
Mercedes-Benz,SLC,Convertible
Mercedes-Benz,SLK350,Convertible
Mercedes-Benz,Sprinter,Commercial
Mercedes-Benz,V,Wagon
Mercedes-Benz,V250,Wagon
Mercedes-Benz,Valente,Wagon
Mercedes-Benz,Vito,Commercial
Mercedes-Benz,X250,Ute / Tray
Mercedes-Benz,X350,Ute / Tray
Mini,3D,Hatchback
Mini,5D,Hatchback
Mini,Cabrio,Convertible
Mini,Clubman,Wagon
Mini,Convertible,Convertible
Mini,Cooper,Hatchback
Mini,Cooper,Wagon
Mini,Cooper_Countryman,Wagon
Mini,Countryman,SUV
Mini,Coupe,Coupe
Mini,Paceman,Hatchback
Mini,Roadster,Convertible
Mitsubishi,380,Sedan
Mitsubishi,ASX,SUV
Mitsubishi,ASX,Wagon
Mitsubishi,ASX,nan
Mitsubishi,Airtrek,Wagon
Mitsubishi,Challenger,SUV
Mitsubishi,Challenger,Wagon
Mitsubishi,Colt,Hatchback
Mitsubishi,Delica,Commercial
Mitsubishi,Delica,Wagon
Mitsubishi,Eclipse,SUV
Mitsubishi,Express,Commercial
Mitsubishi,Fuso,Ute / Tray
Mitsubishi,Lancer,Hatchback
Mitsubishi,Lancer,Sedan
Mitsubishi,Lancer,Wagon
Mitsubishi,Lancer,nan
Mitsubishi,Magna,Sedan
Mitsubishi,Mirage,Hatchback
Mitsubishi,Outlander,SUV
Mitsubishi,Outlander,Wagon
Mitsubishi,Pajero,SUV
Mitsubishi,Pajero,Wagon
Mitsubishi,Pajero,nan
Mitsubishi,Triton,Ute / Tray
Mitsubishi,Triton,nan
Mitsubishi,Verada,Sedan
Nissan,180,Hatchback
Nissan,350Z,Convertible
Nissan,370Z,Convertible
Nissan,370Z,Coupe
Nissan,Almera,Sedan
Nissan,Altima,Sedan
Nissan,Atlas,nan
Nissan,Caravan,Commercial
Nissan,Caravan,nan
Nissan,Cube,Wagon
Nissan,Dualis,SUV
Nissan,Dualis,Wagon
Nissan,Dualis,nan
Nissan,E20,Hatchback
Nissan,Elgrand,Commercial
Nissan,Elgrand,People Mover
Nissan,Elgrand,Wagon
Nissan,Elgrand,nan
Nissan,GT-R,Coupe
Nissan,GT-R,nan
Nissan,Juke,SUV
Nissan,Juke,Wagon
Nissan,Leaf,Hatchback
Nissan,Maxima,Sedan
Nissan,Micra,Hatchback
Nissan,Murano,SUV
Nissan,NV350,Commercial
Nissan,Navara,Ute / Tray
Nissan,Note,Hatchback
Nissan,Note,nan
Nissan,Pathfinder,SUV
Nissan,Pathfinder,Wagon
Nissan,Patrol,SUV
Nissan,Patrol,Wagon
Nissan,Pulsar,Hatchback
Nissan,Pulsar,Sedan
Nissan,Pulsar,nan
Nissan,Qashqai,SUV
Nissan,Qashqai,Wagon
Nissan,Serena,Commercial
Nissan,Serena,Wagon
Nissan,Silvia,Coupe
Nissan,Skyline,Coupe
Nissan,Skyline,nan
Nissan,Tiida,Hatchback
Nissan,X-Trail,SUV
Nissan,X-Trail,Wagon
Nissan,X-Trail,nan
Nissan,Z,Coupe
Opel,Astra,Hatchback
Opel,Astra,Wagon
Opel,Corsa,Hatchback
Peugeot,2008,SUV
Peugeot,207,Convertible
Peugeot,207,Hatchback
Peugeot,208,Hatchback
Peugeot,3008,Hatchback
Peugeot,3008,SUV
Peugeot,308,Convertible
Peugeot,308,Hatchback
Peugeot,308,Wagon
Peugeot,4008,SUV
Peugeot,407,Sedan
Peugeot,5008,SUV
Peugeot,508,Sedan
Peugeot,508,nan
Peugeot,Expert,Commercial
Peugeot,RCZ,Coupe
Porsche,718,Convertible
Porsche,718,Coupe
Porsche,911,Convertible
Porsche,911,Coupe
Porsche,Boxster,Convertible
Porsche,Cayenne,SUV
Porsche,Cayenne,Wagon
Porsche,Macan,SUV
Porsche,Panamera,Sedan
Porsche,Taycan,Sedan
Proton,S16,Sedan
Ram,1500,Commercial
Ram,1500,Ute / Tray
Ram,2500,Ute / Tray
Renault,Arkana,SUV
Renault,Captur,SUV
Renault,Clio,Hatchback
Renault,Kadjar,SUV
Renault,Kangoo,Commercial
Renault,Koleos,SUV
Renault,Laguna,Hatchback
Renault,Master,Commercial
Renault,Master,Ute / Tray
Renault,Megane,Hatchback
Renault,Megane,Wagon
Renault,Trafic,Commercial
Saab,3-Sep,Sedan
Saab,3-Sep,nan
Skoda,Fabia,Hatchback
Skoda,Fabia,Wagon
Skoda,Kamiq,SUV
Skoda,Karoq,SUV
Skoda,Kodiaq,SUV
Skoda,Kodiaq,Wagon
Skoda,Octavia,Hatchback
Skoda,Octavia,Sedan
Skoda,Octavia,Wagon
Skoda,Rapid,Wagon
Skoda,Scala,Hatchback
Skoda,Superb,Hatchback
Skoda,Superb,Sedan
Skoda,Superb,Wagon
Smart,Fortwo,Coupe
Ssangyong,Actyon,Ute / Tray
Ssangyong,Korando,SUV
Ssangyong,Musso,Ute / Tray
Ssangyong,Rexton,SUV
Ssangyong,Stavic,Wagon
Subaru,BRZ,Coupe
Subaru,Crosstrek,Hatchback
Subaru,Forester,SUV
Subaru,Forester,Wagon
Subaru,Impreza,Hatchback
Subaru,Impreza,Sedan
Subaru,Impreza,nan
Subaru,Legacy,Wagon
Subaru,Levorg,Wagon
Subaru,Liberty,Sedan
Subaru,Liberty,Wagon
Subaru,Liberty,nan
Subaru,Outback,SUV
Subaru,Outback,Wagon
Subaru,Tribeca,SUV
Subaru,WRX,Hatchback
Subaru,WRX,Sedan
Subaru,WRX,Wagon
Subaru,WRX,nan
Subaru,XV,Hatchback
Subaru,XV,SUV
Subaru,XV,Wagon
Subaru,XV,nan
Suzuki,Alto,Hatchback
Suzuki,Alto,nan
Suzuki,Baleno,Hatchback
Suzuki,Carry,Ute / Tray
Suzuki,Celerio,Hatchback
Suzuki,Every,Wagon
Suzuki,Every,nan
Suzuki,Grand,SUV
Suzuki,Grand,Wagon
Suzuki,Ignis,SUV
Suzuki,Jimny,SUV
Suzuki,Jimny,Wagon
Suzuki,Kizashi,Sedan
Suzuki,S-Cross,SUV
Suzuki,SX4,Hatchback
Suzuki,Swift,Hatchback
Suzuki,Sx4,Hatchback
Suzuki,Vitara,SUV
Tata,Xenon,Ute / Tray
Tesla,Model,SUV
Tesla,Model,Sedan
Tesla,Model,Wagon
Tesla,Model,nan
Toyota,86,Coupe
Toyota,Alphard,Commercial
Toyota,Alphard,Wagon
Toyota,Alphard,nan
Toyota,Altezza,nan
Toyota,Aurion,Sedan
Toyota,Avensis,Wagon
Toyota,C-HR,Hatchback
Toyota,C-HR,SUV
Toyota,C-HR,Wagon
Toyota,C-HR,nan
Toyota,Caldina,Wagon
Toyota,Camry,Sedan
Toyota,Camry,nan
Toyota,Century,nan
Toyota,Coaster,People Mover
Toyota,Corolla,Hatchback
Toyota,Corolla,SUV
Toyota,Corolla,Sedan
Toyota,Corolla,Wagon
Toyota,Corolla,nan
Toyota,Crown,nan
Toyota,Echo,Hatchback
Toyota,Echo,Sedan
Toyota,Estima,Commercial
Toyota,Estima,Wagon
Toyota,Estima,nan
Toyota,FJ,SUV
Toyota,FJ,Wagon
Toyota,Fortuner,SUV
Toyota,Fortuner,Wagon
Toyota,GR,Hatchback
Toyota,GR86,Coupe
Toyota,Granvia,Commercial
Toyota,Granvia,Wagon
Toyota,HiAce,Commercial
Toyota,HiAce,People Mover
Toyota,HiAce,Wagon
Toyota,HiAce,nan
Toyota,Hiace,Commercial
Toyota,Hiace,People Mover
Toyota,Hiace,nan
Toyota,Hilux,Ute / Tray
Toyota,Kluger,SUV
Toyota,Kluger,Wagon
Toyota,Land,SUV
Toyota,Land,Ute / Tray
Toyota,Land,Wagon
Toyota,Landcruiser,SUV
Toyota,Landcruiser,Ute / Tray
Toyota,Mark,Wagon
Toyota,Noah,Commercial
Toyota,Noah,Wagon
Toyota,Noah,nan
Toyota,Other,Commercial
Toyota,Other,Wagon
Toyota,Prius,Hatchback
Toyota,Prius,Wagon
Toyota,Prius,nan
Toyota,Prius-C,Hatchback
Toyota,RAV4,SUV
Toyota,RAV4,Wagon
Toyota,Ractis,Hatchback
Toyota,Ractis,nan
Toyota,Rav,SUV
Toyota,Rav,Wagon
Toyota,Regius,Commercial
Toyota,Sai,nan
Toyota,Supra,Coupe
Toyota,Tarago,Wagon
Toyota,Tundra,Ute / Tray
Toyota,Vellfire,Commercial
Toyota,Vellfire,Wagon
Toyota,Vellfire,nan
Toyota,Voxy,Commercial
Toyota,Voxy,Wagon
Toyota,Voxy,nan
Toyota,Yaris,Hatchback
Toyota,Yaris,SUV
Toyota,Yaris,Sedan
Volkswagen,Amarok,Ute / Tray
Volkswagen,Amarok,nan
Volkswagen,Arteon,Hatchback
Volkswagen,Arteon,Wagon
Volkswagen,Beetle,Convertible
Volkswagen,Beetle,Hatchback
Volkswagen,CC,Sedan
Volkswagen,Caddy,Commercial
Volkswagen,Caddy,Wagon
Volkswagen,Caravelle,Wagon
Volkswagen,Crafter,Commercial
Volkswagen,Crafter,Ute / Tray
Volkswagen,Crafter,nan
Volkswagen,EOS,Convertible
Volkswagen,Golf,Convertible
Volkswagen,Golf,Hatchback
Volkswagen,Golf,SUV
Volkswagen,Golf,Wagon
Volkswagen,Jetta,Sedan
Volkswagen,Jetta,nan
Volkswagen,Multivan,Wagon
Volkswagen,Passat,SUV
Volkswagen,Passat,Sedan
Volkswagen,Passat,Wagon
Volkswagen,Polo,Hatchback
Volkswagen,Scirocco,Hatchback
Volkswagen,T-Cross,SUV
Volkswagen,T-Cross,Wagon
Volkswagen,T-ROC,SUV
Volkswagen,T-ROC,Wagon
Volkswagen,Tiguan,SUV
Volkswagen,Tiguan,Wagon
Volkswagen,Touareg,SUV
Volkswagen,Touareg,Wagon
Volkswagen,Transporter,Commercial
Volkswagen,Transporter,Ute / Tray
Volvo,C30,Hatchback
Volvo,C40,SUV
Volvo,C40,Wagon
Volvo,S60,Sedan
Volvo,S60,nan
Volvo,V40,Hatchback
Volvo,V40,Wagon
Volvo,V50,Wagon
Volvo,V60,Wagon
Volvo,XC40,SUV
Volvo,XC60,SUV
Volvo,XC70,SUV
Volvo,XC90,SUV
Volvo,Xc,SUV
Volvo,Xc,Wagon
